[
  {
    "id": "4fc4967e-f9fb-4710-b3c9-d5b65226ddd1",
    "data": [
      {
        "text": "room",
        "userDefined": false
      }
    ],
    "isTemplate": false,
    "count": 0,
    "lang": "en",
    "updated": 0
  },
  {
    "id": "8766f8fa-8c5c-41ab-88d5-3fe279e0082a",
    "data": [
      {
        "text": "table",
        "userDefined": false
      }
    ],
    "isTemplate": false,
    "count": 0,
    "lang": "en",
    "updated": 0
  },
  {
    "id": "491608b1-e324-4167-9481-3ab7ff0bbf29",
    "data": [
      {
        "text": "Book table",
        "userDefined": false
      }
    ],
    "isTemplate": false,
    "count": 0,
    "lang": "en",
    "updated": 0
  }
]