[
  {
    "id": "16f34a9c-41d1-4ae8-be70-3a0fcd30699a",
    "data": [
      {
        "text": "BHANWAR",
        "meta": "@sys.person",
        "alias": "person",
        "userDefined": false
      },
      {
        "text": " ",
        "userDefined": false
      },
      {
        "text": "9836466472",
        "meta": "@sys.number",
        "alias": "number",
        "userDefined": true
      },
      {
        "text": " ",
        "userDefined": false
      },
      {
        "text": "04 AUGUST 2022",
        "meta": "@sys.date-time",
        "alias": "date-time",
        "userDefined": true
      },
      {
        "text": " ",
        "userDefined": false
      },
      {
        "text": "3",
        "meta": "@sys.number",
        "alias": "number1",
        "userDefined": false
      }
    ],
    "isTemplate": false,
    "count": 0,
    "lang": "en",
    "updated": 0
  },
  {
    "id": "9af89884-1464-4b97-9f4b-35ae2f1a9dd0",
    "data": [
      {
        "text": "jASMMINE",
        "meta": "@sys.person",
        "alias": "person",
        "userDefined": false
      },
      {
        "text": " ",
        "userDefined": false
      },
      {
        "text": "9876543210",
        "meta": "@sys.number",
        "alias": "number",
        "userDefined": false
      },
      {
        "text": " ",
        "userDefined": false
      },
      {
        "text": "17 JULY 2022",
        "meta": "@sys.date-time",
        "alias": "date-time",
        "userDefined": true
      },
      {
        "text": " ",
        "userDefined": false
      },
      {
        "text": "2",
        "meta": "@sys.number",
        "alias": "number1",
        "userDefined": false
      }
    ],
    "isTemplate": false,
    "count": 0,
    "lang": "en",
    "updated": 0
  }
]