[
  {
    "id": "3824daca-ffdb-412c-a1a9-84b8ffa7e8d2",
    "data": [
      {
        "text": "sweet corn soup",
        "userDefined": false
      }
    ],
    "isTemplate": false,
    "count": 0,
    "lang": "en",
    "updated": 0
  },
  {
    "id": "ddd180bd-9aed-4acf-b886-9d7a96f1ea15",
    "data": [
      {
        "text": "hot and sour",
        "userDefined": false
      }
    ],
    "isTemplate": false,
    "count": 0,
    "lang": "en",
    "updated": 0
  },
  {
    "id": "9532fbf1-4be0-479d-8972-2cbc10ce0cf7",
    "data": [
      {
        "text": "Paneer tikka",
        "userDefined": false
      }
    ],
    "isTemplate": false,
    "count": 0,
    "lang": "en",
    "updated": 0
  }
]