[
  {
    "id": "90551ce5-bf72-40b1-9629-159b5c5cc9d0",
    "data": [
      {
        "text": "Bhawarpreet 9876543210",
        "userDefined": false
      }
    ],
    "isTemplate": false,
    "count": 0,
    "lang": "en",
    "updated": 0
  },
  {
    "id": "a3b76a4e-ef3a-479c-82ce-0ff9d0bf18e2",
    "data": [
      {
        "text": "Jasmine",
        "meta": "@sys.person",
        "alias": "person",
        "userDefined": false
      },
      {
        "text": " ",
        "userDefined": false
      },
      {
        "text": "8558063759",
        "meta": "@sys.number",
        "alias": "number",
        "userDefined": false
      }
    ],
    "isTemplate": false,
    "count": 0,
    "lang": "en",
    "updated": 0
  }
]