[
  {
    "id": "93dea895-006e-42c3-9afc-0e0f5fa01181",
    "data": [
      {
        "text": "book ",
        "userDefined": false
      },
      {
        "text": "hall",
        "meta": "@sys.person",
        "alias": "person",
        "userDefined": false
      },
      {
        "text": " room",
        "userDefined": false
      }
    ],
    "isTemplate": false,
    "count": 0,
    "lang": "en",
    "updated": 0
  },
  {
    "id": "942db383-df6f-465f-a502-1cf254847247",
    "data": [
      {
        "text": "room",
        "userDefined": false
      }
    ],
    "isTemplate": false,
    "count": 0,
    "lang": "en",
    "updated": 0
  },
  {
    "id": "ddc30594-0163-4643-88c5-f888b3e8e481",
    "data": [
      {
        "text": "Hall",
        "meta": "@sys.person",
        "alias": "person",
        "userDefined": false
      },
      {
        "text": " room",
        "userDefined": false
      }
    ],
    "isTemplate": false,
    "count": 0,
    "lang": "en",
    "updated": 0
  }
]