[
  {
    "id": "98f86079-3549-4587-bdf5-ff719631740b",
    "data": [
      {
        "text": "Jasmine",
        "meta": "@sys.person",
        "alias": "person",
        "userDefined": false
      },
      {
        "text": " ",
        "userDefined": false
      },
      {
        "text": "8558063759",
        "meta": "@sys.number",
        "alias": "number",
        "userDefined": false
      },
      {
        "text": " ",
        "userDefined": false
      },
      {
        "text": "20",
        "meta": "@sys.number",
        "alias": "number",
        "userDefined": false
      },
      {
        "text": " ",
        "userDefined": false
      },
      {
        "text": "june",
        "meta": "@sys.person",
        "alias": "person",
        "userDefined": false
      },
      {
        "text": " ",
        "userDefined": false
      },
      {
        "text": "2022",
        "meta": "@sys.number",
        "alias": "number1",
        "userDefined": false
      },
      {
        "text": " ",
        "userDefined": false
      },
      {
        "text": "45",
        "meta": "@sys.number",
        "alias": "number1",
        "userDefined": false
      }
    ],
    "isTemplate": false,
    "count": 0,
    "lang": "en",
    "updated": 0
  },
  {
    "id": "215d9b72-8c66-4fb4-90dd-e813fd7d99fa",
    "data": [
      {
        "text": "Bhanwar",
        "meta": "@sys.person",
        "alias": "person",
        "userDefined": false
      },
      {
        "text": " ",
        "userDefined": false
      },
      {
        "text": "9836464774",
        "meta": "@sys.number",
        "alias": "number",
        "userDefined": true
      },
      {
        "text": " ",
        "userDefined": false
      },
      {
        "text": "12 jan 2022",
        "meta": "@sys.date-time",
        "alias": "date-time",
        "userDefined": true
      },
      {
        "text": " ",
        "userDefined": false
      },
      {
        "text": "10",
        "meta": "@sys.number",
        "alias": "number1",
        "userDefined": false
      }
    ],
    "isTemplate": false,
    "count": 1,
    "lang": "en",
    "updated": 0
  }
]