{
  "project_info": {
    "project_number": "983730780805",
    "project_id": "buysell-b5ea4",
    "storage_bucket": "buysell-b5ea4.appspot.com"
  },
  "client": [
    {
      "client_info": {
        "mobilesdk_app_id": "1:983730780805:android:fd08e528ae176dc3cd07ec",
        "android_client_info": {
          "package_name": "com.example.buysell"
        }
      },
      "oauth_client": [
        {
          "client_id": "983730780805-ttkvmikqb1l0sn47ku19ekmo6fa4u3qo.apps.googleusercontent.com",
          "client_type": 3
        }
      ],
      "api_key": [
        {
          "current_key": "AIzaSyBriqo-RdgegC8Txr87biORux9x_LZDVZ4"
        }
      ],
      "services": {
        "appinvite_service": {
          "other_platform_oauth_client": [
            {
              "client_id": "983730780805-ttkvmikqb1l0sn47ku19ekmo6fa4u3qo.apps.googleusercontent.com",
              "client_type": 3
            }
          ]
        }
      }
    }
  ],
  "configuration_version": "1"
}